id,code,name,type,country_code
1,us-al,Alabama,7,
2,us-az,Arizona,7,
3,us-ar,Arkansas,7,
4,us-ca,California,7,
5,us-co,Colorado,7,
6,us-ct,Connecticut,7,
7,us-de,Delaware,7,
8,us-fl,Florida,7,
9,us-ga,Georgia,7,
10,us-id,Idaho,7,
11,us-il,Illinois,7,
12,us-in,Indiana,7,
13,us-ia,Iowa,7,
14,us-ks,Kansas,7,
15,us-ky,Kentucky,7,
16,us-la,Louisiana,7,
17,us-me,Maine,7,
18,us-md,Maryland,7,
19,us-ma,Massachusetts,7,
20,us-mi,Michigan,7,
21,us-mn,Minnesota,7,
22,us-ms,Mississippi,7,
23,us-mo,Missouri,7,
24,us-mt,Montana,7,
25,us-ne,Nebraska,7,
26,us-nv,Nevada,7,
27,us-nh,New Hampshire,7,
28,us-nj,New Jersey,7,
29,us-nm,New Mexico,7,
30,us-ny,New York,7,
31,us-nc,North Carolina,7,
32,us-nd,North Dakota,7,
33,us-oh,Ohio,7,
34,us-ok,Oklahoma,7,
35,us-or,Oregon,7,
36,us-pa,Pennsylvania,7,
37,us-ri,Rhode Island,7,
38,us-sc,South Carolina,7,
39,us-sd,South Dakota,7,
40,us-tn,Tennessee,7,
41,us-tx,Texas,7,
42,us-ut,Utah,7,
43,us-vt,Vermont,7,
44,us-va,Virginia,7,
45,us-wa,Washington,7,
46,us-wv,West Virginia,7,
47,us-wi,Wisconsin,7,
48,us-wy,Wyoming,7,
51,al,Albania,1,ALB
54,af,Afghanistan,1,AFG
56,dz,Algeria,1,DZA
57,ao,Angola,1,AGO
58,ar,Argentina,1,ARG
59,am,Armenia,1,ARM
60,au,Australia,1,AUS
61,az,Azerbaijan,1,AZE
62,bs,Bahamas,1,BHS
63,bd,Bangladesh,1,BGD
64,be,Belgium,1,BEL
65,bz,Belize,1,BLZ
66,by,Belarus,1,BLR
67,bj,Benin,1,BEN
68,bt,Bhutan,1,BTN
69,bo,Bolivia,1,BOL
70,ba,Bosnia and Herzegovina,1,BIH
71,bw,Botswana,1,BWA
72,br,Brazil,1,BRA
73,bn,Brunei,1,BRN
74,bg,Bulgaria,1,BGR
75,bf,Burkina Faso,1,BFA
76,bi,Burundi,1,BDI
77,td,Chad,1,TCD
78,me,Montenegro,1,MNE
79,cz,Czech Rep.,1,CZE
80,cn,China,1,CHN
81,dk,Denmark,1,DNK
82,cd,Dem. Rep. Congo,1,DMA
83,do,Dominican Rep.,1,DOM
84,dj,Djibouti,1,DJI
85,eg,Egypt,1,EGY
86,ec,Ecuador,1,ECU
87,er,Eritrea,1,ERI
88,ee,Estonia,1,EST
89,et,Ethiopia,1,ETH
90,fk,Falkland Is.,1,
91,fj,Fiji,1,FJI
92,ph,Philippines,1,PHL
93,fi,Finland,1,FIN
94,fr,France,1,FRA
95,tf,French Southern and Antarctic Lands,1,PYF
96,ga,Gabon,1,GAB
97,gm,Gambia,1,GMB
98,gh,Ghana,1,GHA
99,gl,Greenland,1,GRL
100,ge,Georgia,1,GEO
101,gt,Guatemala,1,GTM
102,gn,Guinea,1,GIN
103,gw,Guinea-Bissau,1,GNB
104,gy,Guyana,1,GUY
105,ht,Haiti,1,HTI
106,hn,Honduras,1,HND
107,cl,Chile,1,CHL
108,hr,Croatia,1,HRV
109,in,India,1,IND
110,id,Indonesia,1,IDN
111,iq,Iraq,1,IRQ
112,ir,Iran,1,IRN
113,ie,Ireland,1,IRL
114,is,Iceland,1,ISL
115,it,Italy,1,ITA
116,il,Israel,1,ISR
117,jm,Jamaica,1,JAM
118,jp,Japan,1,JPN
119,ye,Yemen,1,YEM
120,za,South Africa,1,ZAF
121,kr,Korea,1,KOR
122,ss,S. Sudan,1,SSD
123,jo,Jordan,1,JOR
124,kh,Cambodia,1,KHM
125,cm,Cameroon,1,CMR
126,ca,Canada,1,CAN
127,qa,Qatar,1,QAT
128,kz,Kazakhstan,1,KAZ
129,ke,Kenya,1,KEN
130,co,Colombia,1,COL
131,cg,Congo,1,COD
132,cr,Costa Rica,1,CRI
133,cu,Cuba,1,CUB
134,kw,Kuwait,1,KWT
135,cy,Kypr,1,CYP
136,kg,Kyrgyzstan,1,KGZ
137,la,Lao PDR,1,LAO
138,ls,Lesotho,1,LSO
139,lb,Lebanon,1,LBN
140,lr,Liberia,1,LBR
141,ly,Libya,1,LBY
142,lt,Lithuania,1,LTU
143,lv,Latvia,1,LVA
144,lu,Luxembourg,1,LUX
145,mg,Madagascar,1,MDG
146,hu,Hungary,1,HUN
147,mk,Macedonia,1,MKD
148,my,Malaysia,1,MYS
149,mw,Malawi,1,MWI
150,ml,Mali,1,MLI
151,ma,Morocco,1,MAR
152,mr,Mauritania,1,MRT
153,mx,Mexico,1,MEX
154,md,Moldova,1,MDA
155,mn,Mongolia,1,MNG
156,mz,Mozambique,1,MOZ
157,mm,Myanmar,1,MMR
158,na,Namibia,1,NAM
159,de,Germany,1,DEU
160,np,Nepal,1,NPL
161,ne,Niger,1,NER
162,ng,Nigeria,1,NGA
163,ni,Nicaragua,1,NIC
164,nl,Netherlands,1,NLD
165,no,Norway,1,NOR
166,nc,New Caledonia,1,NCL
167,nz,New Zealand,1,NZL
168,om,Oman,1,OMN
169,pk,Pakistan,1,PAK
170,ps,Palestine,1,
171,pa,Panama,1,PAN
172,pg,Papua New Guinea,1,PNG
173,py,Paraguay,1,PRY
174,pe,Peru,1,PER
175,ci,Côte d'Ivoire,1,CIV
176,pl,Poland,1,POL
177,pr,Puerto Rico,1,PEI
178,pt,Portugal,1,PRT
179,at,Austria,1,AUT
180,gq,Eq. Guinea,1,GNQ
181,ro,Romania,1,ROU
182,ru,Russia,1,RUS
183,rw,Rwanda,1,RWA
184,gr,Greece,1,GRC
185,sv,El Salvador,1,SLV
186,sa,Saudi Arabia,1,SAU
187,sn,Senegal,1,SEN
188,kp,Dem. Rep. Korea,1,PPK
189,sl,Sierra Leone,1,SLE
190,sk,Slovakia,1,SVK
191,si,Slovenia,1,SVN
192,so,Somalia,1,SOM
193,ae,United Arab Emirates,1,ARE
194,gb,United Kingdom,1,GBR
195,us,United States,1,USA
196,rs,Serbia,1,SRB
197,cf,Central African Rep.,1,CAF
198,sd,Sudan,1,SDN
199,sr,Suriname,1,SUR
200,sz,Swaziland,1,SWZ
201,sy,Syria,1,SYR
202,sb,Solomon Is.,1,SLB
203,es,Spain,1,ESP
204,lk,Sri Lanka,1,LKA
205,se,Sweden,1,SWE
206,ch,Switzerland,1,CHE
207,tj,Tajikistan,1,TJK
208,tz,Tanzania,1,TZA
209,th,Thailand,1,THA
210,tw,Taiwan,1,
211,tg,Togo,1,TGO
212,tn,Tunisia,1,TUN
213,tr,Turkey,1,TUR
214,tm,Turkmenistan,1,TKM
215,ug,Uganda,1,UGA
216,ua,Ukraine,1,UKR
217,uy,Uruguay,1,URY
218,uz,Uzbekistan,1,UZB
219,ve,Venezuela,1,VEN
220,vn,Vietnam,1,VNM
221,tl,Timor-Leste,1,TLS
222,zm,Zambia,1,ZMB
223,eh,W. Sahara,1,SSF
224,zw,Zimbabwe,1,ZWE
225,world,World,3,
227,africa,Africa,4,
228,samerica,South America,4,
229,namerica,North America,4,
230,europe,Europe,4,
231,asia,Asia,4,
232,oceania,Australia and Oceania,4,
234,xk,Kosovo,1,
235,xs,Somaliland,1,
236,cz-us,Ústecký,7,
237,cz-pl,Plzeňský,7,
238,cz-jm,Jihomoravský,7,
239,cz-zl,Zlínský,7,
240,cz-ol,Olomoucký,7,
241,cz-pa,Pardubický,7,
242,cz-ka,Karlovarský,7,
243,cz-jc,Jihočeský,7,
244,cz-vy,Vysočina,7,
245,cz-pr,Prague,7,
246,cz-st,Středočeský,7,
247,cz-li,Liberecký,7,
248,cz-kr,Královéhradecký,7,
249,cz-mo,Moravskoslezský,7,
250,de-nw,Nordrhein-Westfalen,7,
251,de-bw,Baden-Württemberg,7,
252,de-he,Hessen,7,
253,de-hb,Bremen,7,
254,de-ni,Niedersachsen,7,
255,de-th,Thüringen,7,
256,de-hh,Hamburg,7,
257,de-sh,Schleswig-Holstein,7,
258,de-rp,Rheinland-Pfalz,7,
259,de-sl,Saarland,7,
260,de-by,Bayern,7,
261,de-be,Berlin,7,
262,de-st,Sachsen-Anhalt,7,
263,de-sn,Sachsen,7,
264,de-bb,Brandenburg,7,
265,de-mv,Mecklenburg-Vorpommern,7,
266,at-vo,Vorarlberg,7,
267,at-bu,Burgenland,7,
268,at-st,Steiermark,7,
269,at-ka,Kärnten,7,
270,at-oo,Oberösterreich,7,
271,at-sz,Salzburg,7,
272,at-tr,Tirol,7,
273,at-no,Niederösterreich,7,
274,at-wi,Wien,7,
275,in-ch,Čhattísgarh,1,
276,in-dl,Delhi,1,
277,in-hp,Himachal Pradesh,1,
278,in-hr,Haryana,1,
279,in-jk,Jammu and Kashmir,1,
280,in-ap,Andhra Pradesh,1,
281,in-kl,Kerala,1,
282,in-ld,Lakadivy / Lakšadvíp,1,
283,in-or,Orissa,1,
284,in-dn,Dádra a Nagar-havéli,1,
285,in-ka,Karnataka,1,
286,in-mh,Maharashtra,1,
287,in-an,Andamany a Nikobary,1,
288,in-as,Assam,1,
289,in-mn,Manipur,1,
290,in-nl,Nagaland,1,
291,in-ml,Meghalaya,1,
292,in-pb,Punjab,1,
293,in-rj,Rajasthan,1,
294,in-up,Uttar Pradesh,1,
295,in-ut,Uttaranchal,1,
296,in-jh,Jharkhand,1,
297,in-wb,West Bengal,1,
298,in-br,Bihar,1,
299,in-sk,Sikkim,1,
300,in-ct,Chhattisgarh,1,
301,in-mp,Madhya Pradesh,1,
302,in-py,Puttuččéri,1,
303,in-tn,Tamil Nadu,1,
304,in-gj,Gujarat,1,
305,in-ga,Goa,1,
306,in-ar,Arunachal Pradesh,1,
307,in-mz,Mizoram,1,
308,in-tr,Tripura,1,
309,Daman and Diu,Damán a Díjú,1,
310,cn-62,Gansu,7,
311,cn-63,Qinghai,7,
312,cn-45,Guangxi,7,
313,cn-52,Guizhou,7,
314,cn-50,Chongqing,7,
315,cn-11,Beijing,7,
316,cn-35,Paracel Islands,7,
317,cn-34,Anhui,7,
318,cn-44,Guangdong,7,
319,cn-54,Xizang,7,
320,cn-65,Xinjiang,7,
321,cn-46,Hainan,7,
322,cn-64,Ningxia,7,
323,cn-61,Shaanxi,7,
324,cn-14,Shanxi,7,
325,cn-42,Hubei,7,
326,cn-43,Hunan,7,
327,cn-51,Sichuan,7,
328,cn-53,Yunnan,7,
329,cn-13,Hebei,7,
330,cn-41,Henan,7,
331,cn-21,Liaoning,7,
332,cn-37,Shandong,7,
333,cn-12,Tianjin,7,
334,cn-36,Jiangxi,7,
335,cn-32,Jiangsu,7,
336,cn-31,Shanghai,7,
337,cn-33,Zhejiang,7,
338,cn-22,Jilin,7,
339,cn-15,Inner Mongol,7,
340,cn-23,Heilongjiang,7,
341,San_Marino,San Marino,2,
342,Vaduz,Vaduz,2,
343,Luxembourg,Luxembourg,2,
344,Monaco,Monaco,2,
345,Andorra,Andorra,2,
346,Ljubljana,Ljubljana,2,
347,Bratislava,Bratislava,2,
348,Podgorica,Podgorica,2,
349,Bern,Bern,2,
350,Pristina,Pristina,2,
351,Skopje,Skopje,2,
352,Reykjavik,Reykjavík,2,
353,Chisinau,Chisinau,2,
354,Vilnius,Vilnius,2,
355,Riga,Riga,2,
356,Zagreb,Zagreb,2,
357,Tallinn,Tallinn,2,
358,Belgrade,Belgrade,2,
359,Tirana,Tirana,2,
360,Sofia,Sofia,2,
361,Minsk,Minsk,2,
362,Sarajevo,Sarajevo,2,
363,Budapest,Budapest,2,
364,Bucharest,Bucharest,2,
365,Lisbon,Lisbon,2,
366,Oslo,Oslo,2,
367,Warsaw,Warsaw,2,
368,Dublin,Dublin,2,
369,Prague,Prague,2,
370,Helsinki,Helsinki,2,
371,Kobenhavn,København,2,
372,Brussels,Brussels,2,
373,Kiev,Kiev,2,
374,Madrid,Madrid,2,
375,Geneva,Ženeva,2,
376,Stockholm,Stockholm,2,
377,Amsterdam,Amsterdam,2,
378,Berlin,Berlin,2,
379,Athens,Athens,2,
380,Vienna,Vienna,2,
381,London,London,2,
382,Moscow,Moscow,2,
383,Rome,Rome,2,
384,Paris,Paris,2,
385,it-65,Abruzzo,7,
386,it-75,Apulia,7,
387,it-77,Basilicata,7,
388,it-78,Calabria,7,
389,it-72,Campania,7,
390,it-45,Emilia-Romagna,7,
391,it-36,Friuli-Venezia Giulia,7,
392,it-62,Lazio,7,
393,it-42,Liguria,7,
394,it-25,Lombardia,7,
395,it-57,Marche,7,
396,it-67,Molise,7,
397,it-21,Piemonte,7,
398,it-88,Sardegna,7,
399,it-82,Sicily,7,
400,it-52,Toscana,7,
401,it-32,Trentino-Alto Adige,7,
402,it-55,Umbria,7,
403,it-23,Valle d'Aosta,7,
404,it-34,Veneto,7,
405,fr-a,Alsace,7,
406,fr-b,Aquitaine,7,
407,fr-c,Auvergne,7,
408,fr-p,Basse-Normandie,7,
409,fr-d,Bourgogne,7,
410,fr-e,Bretagne,7,
411,fr-f,Centre,7,
412,fr-g,Champagne-Ardenne,7,
413,fr-h,Corse,7,
414,fr-i,Franche-Comté,7,
415,fr-q,Haute-Normandie,7,
416,fr-j,Île-de-France,7,
417,fr-k,Languedoc-Roussillon,7,
418,fr-l,Limousin,7,
419,fr-m,Lorraine,7,
420,fr-n,Midi-Pyrénées,7,
421,fr-o,Nord-Pas-de-Calais,7,
422,fr-r,Pays de la Loire,7,
423,fr-s,Picardie,7,
424,fr-t,Poitou-Charentes,7,
425,fr-u,Provence-Alpes-Côte-d'Azur,7,
426,fr-v,Rhône-Alpes,7,
427,es-an,Andalucía,7,
428,es-ar,Aragón,7,
429,es-cb,Cantabria,7,
430,es-cl,Castilla y León,7,
431,es-cm,Castilla-La Mancha,7,
432,es-ct,Cataluña,7,
433,es-md,Comunidad de Madrid,7,
434,es-na,Comunidad Foral de Navarra,7,
435,es-vc,Comunidad Valenciana,7,
436,es-ex,Extremadura,7,
437,es-ga,Galicia,7,
438,es-pm,Islas Baleares,7,
439,es-lo,La Rioja,7,
440,es-pv,País Vasco,7,
441,es-as,Principado de Asturias,7,
442,es-mu,Región de Murcia,7,
443,ca-mb,Manitoba,7,
444,ca-sk,Saskatchewan,7,
445,ca-ab,Alberta,7,
446,ca-bc,British Columbia,7,
447,ca-nu,Nunavut,7,
448,ca-nt,Northwest Territories,7,
449,ca-yt,Yukon,7,
450,ca-on,Ontario,7,
451,ca-qc,Québec,7,
452,ca-nb,New Brunswick,7,
453,ca-ns,Nova Scotia,7,
454,ca-nl,Newfoundland and Labrador,7,
455,ca-pe,Prince Edward Island,7,
456,au-nt,Northern Territory,1,
457,au-wa,Western Australia,1,
458,au-ct,Australian Capital Territory,1,
459,au-ns,New South Wales,1,
460,au-sa,South Australia,1,
461,au-vi,Victoria,1,
462,au-ql,Queensland,1,
463,au-ts,Tasmania,1,
464,Hardanger-vidda,Hardanger-vidda,8,
465,Bohmerwald,Böhmerwald,8,
466,Transylvanian_Alps,Transylvanian Alps,8,
467,Tatra_Mts.,Tatra Mts.,8,
468,Pindus_Mts.,Pindus Mts.,8,
469,Calabria,Calabria,8,
470,Harz,Harz,8,
471,Vosges,Vosges,8,
472,Sudetes_Mts.,Sudetes Mts.,8,
473,Erzgebirge,Erzgebirge,8,
474,Ardennes,Ardennes,8,
475,Jura,Jura,8,
476,Grampian_Mts.,Grampian Mts.,8,
477,Cambrian_Mts.,Cambrian Mts.,8,
478,Balkan_Mts.,Balkan Mts.,8,
479,Dinaric_Alps,Dinaric Alps,8,
480,Cord._Cantabrica,Cord. Cantábrica,8,
481,S._Nevada,S. Nevada,8,
482,Sierra_Morena,Sierra Morena,8,
483,KJLEN_MOUNTAINS,KJØLEN MOUNTAINS,8,
484,CARPATHIAN_MOUNTAINS,CARPATHIAN MOUNTAINS,8,
485,APPENNINI,APPENNINI,8,
486,PYRENEES,PYRENEES,8,
487,ALPS,ALPS,8,
488,CAUCASUS_MTS.,CAUCASUS MTS.,8,
489,Mesa,Mesa,2,
490,San_Mateo,San Mateo,2,
491,Aurora,Aurora,2,
492,Kansas_City,Kansas City,2,
493,Pasadena,Pasadena,2,
494,Grand_Prairie,Arlington,2,
495,Stamford,Stamford,2,
496,Joliet,Joliet,2,
497,Stockton,Stockton,2,
498,Oceanside,Oceanside,2,
499,Irvine,Irvine,2,
500,New_Haven,New Haven,2,
501,Lowell,Lowell,2,
502,Fort_Lauderdale,Fort Lauderdale,2,
503,Gary,Gary,2,
504,Covington,Covington,2,
505,Akron,Akron,2,
506,Grand_Rapids,Grand Rapids,2,
507,Tacoma,Tacoma,2,
508,Long_Beach,Long Beach,2,
509,Hartford,Hartford,2,
510,Providence,Providence,2,
511,Birmingham,Birmingham,2,
512,St._Petersburg,St. Petersburg,2,
513,Dayton,Dayton,2,
514,Virginia_Beach,Virginia Beach,2,
515,Oakland,Oakland,2,
516,West_Palm_Beach,West Palm Beach,2,
517,Sarasota,Sarasota,2,
518,Louisville,Louisville,2,
519,Charlotte,Charlotte,2,
520,Columbus,Columbus,2,
521,Albany,Albany,2,
522,Harrisburg,Harrisburg,2,
523,San_Bernardino,San Bernardino,2,
524,Bridgeport,Bridgeport,2,
525,Rochester,Rochester,2,
526,Tucson,Tucson,2,
527,Fresno,Fresno,2,
528,Albuquerque,Albuquerque,2,
529,Tulsa,Tulsa,2,
530,Ft._Worth,Ft. Worth,2,
531,Austin,Austin,2,
532,El_Paso,El Paso,2,
533,Orlando,Orlando,2,
534,Jacksonville,Jacksonville,2,
535,Indianapolis,Indianapolis,2,
536,Knoxville,Knoxville,2,
537,Richmond,Richmond,2,
538,Baltimore,Baltimore,2,
539,Syracuse,Syracuse,2,
540,San_Jose,San Jose,2,
541,Sacramento,Sacramento,2,
542,Las_Vegas,Las Vegas,2,
543,Portland,Portland,2,
544,Salt_Lake_City,Salt Lake City,2,
545,Omaha,Omaha,2,
546,Oklahoma_City,Oklahoma City,2,
547,San_Antonio,San Antonio,2,
548,Raleigh,Raleigh,2,
549,Cleveland,Cleveland,2,
550,Cincinnati,Cincinnati,2,
551,Nashville,Nashville,2,
552,Memphis,Memphis,2,
553,Norfolk,Norfolk,2,
554,Milwaukee,Milwaukee,2,
555,Buffalo,Buffalo,2,
556,Pittsburgh,Pittsburgh,2,
557,Minneapolis,Minneapolis,2,
558,Seattle,Seattle,2,
559,Phoenix,Phoenix,2,
560,San_Diego,San Diego,2,
561,St._Louis,St. Louis,2,
562,New_Orleans,New Orleans,2,
563,Dallas,Dallas,2,
564,Boston,Boston,2,
565,Tampa,Tampa,2,
566,Philadelphia,Philadelphia,2,
567,Detroit,Detroit,2,
568,San_Francisco,San Francisco,2,
569,Denver,Denver,2,
570,Houston,Houston,2,
571,Miami,Miami,2,
572,Atlanta,Atlanta,2,
573,Chicago,Chicago,2,
574,Los_Angeles,Los Angeles,2,
575,Washington,_D.C.,Washington,
576,New_York,New York,2,
577,Bielefeld,Bielefeld,2,
578,Dortmund,Dortmund,2,
579,Duisburg,Duisburg,2,
580,Wuppertal,Wuppertal,2,
581,Essen,Essen,2,
582,Karlsruhe,Karlsruhe,2,
583,Heidelberg,Heidelberg,2,
584,Augsburg,Augsburg,2,
585,Chemnitz,Chemnitz,2,
586,Bonn,Bonn,2,
587,Dusseldorf,Ddsseldorf,2,
588,Mannheim,Mannheim,2,
589,Wiesbaden,Wiesbaden,2,
590,Hannover,Hannover,2,
591,Koblenz,Koblenz,2,
592,Saarbrucken,Saarbrucken,2,
593,Leipzig,Leipzig,2,
594,Stuttgart,Stuttgart,2,
595,Bremen,Bremen,2,
596,Nurnberg,Nornberg,2,
597,Cologne,Cologne,2,
598,Dresden,Dresden,2,
599,Frankfurt,Frankfurt,2,
600,Hamburg,Hamburg,2,
601,Munich,Munich,2,
602,London_Ca,London,2,
603,Windsor,Windsor,2,
604,Winnipeg,Winnipeg,2,
605,Calgary,Calgary,2,
606,Ottawa,Ottawa,2,
607,Quebec,Quebec,2,
608,Halifax,Halifax,2,
609,Edmonton,Edmonton,2,
610,Montreal,Montreal,2,
611,Vancouver,Vancouver,2,
612,Toronto,Toronto,2,
613,Cranbourne,Cranbourne,2,
614,Gold_Coast,Gold Coast,2,
615,Canberra,Canberra,2,
616,Newcastle,Newcastle,2,
617,Adelaide,Adelaide,2,
618,Brisbane,Brisbane,2,
619,Perth,Perth,2,
620,Melbourne,Melbourne,2,
621,Sydney,Sydney,2,
622,Bregenz,Bregenz,2,
623,Eisenstadt,Eisenstadt,2,
624,Wiener_Neustadt,Wiener Neustadt,2,
625,Graz,Graz,2,
626,Klagenfurt,Klagenfurt,2,
627,Linz,Linz,2,
628,Passau,Passau,2,
629,Salzburg,Salzburg,2,
630,Innsbruck,Innsbruck,2,
631,Jihlava,Jihlava,2,
632,Plzen,Plzeň,2,
633,Otrokovice,Otrokovice,2,
634,Kudowa-Zdroj,Kudowa-Zdrój,2,
635,Klingenthal,Klingenthal,2,
636,Trinec,Třinec,2,
637,Klasterec_nad_Ohri,Klášterec nad Ohří,2,
638,Pelhrimov,Pelhřimov,2,
639,Chrudim,Chrudim,2,
640,Pardubice,Pardubice,2,
641,Hradec_Kralove,Hradec Králové,2,
642,Havlickuv_Brod,Havlíčkův Brod,2,
643,Zdar_nad_Sazavou,Žďár nad Sázavou,2,
644,Velke_Mezirici,Velké Meziříčí,2,
645,Svitavy,Svitavy,2,
646,Moravska_Trebova,Moravská Třebová,2,
647,Ceska_Trebova,Česká Třebová,2,
648,Usti_nad_Orlici,Ústí nad Orlicí,2,
649,Vysoke_Myto,Vysoké Mýto,2,
650,Trebic,Třebíč,2,
651,Nachod,Náchod,2,
652,Jicin,Jičín,2,
653,Vrchlabi,Vrchlabí,2,
654,Trutnov,Trutnov,2,
655,Dvur_Kralove_nad_Labem,Dvůr Králové nad Labem,2,
656,Rychnov_nad_Kneznou,Rychnov nad Kněžnou,2,
657,Turnov,Turnov,2,
658,Liberec,Liberec,2,
659,Jablonec_nad_Nisou,Jablonec nad Nisou,2,
660,Ceska_Lipa,Česká Lípa,2,
661,Novy_Bor,Nový Bor,2,
662,Usti_nad_Labem,Ústí nad Labem,2,
663,Teplice,Teplice,2,
664,Bilina,Bílina,2,
665,Most,Most,2,
666,Litvinov,Litvínov,2,
667,Zatec,Žatec,2,
668,Louny,Louny,2,
669,Kadan,Kadaň,2,
670,Jirkov,Jirkov,2,
671,Chomutov,Chomutov,2,
672,Varnsdorf,Varnsdorf,2,
673,Rumburk,Rumburk,2,
674,Decin,Děčín,2,
675,Roudnice_nad_Labem,Roudnice nad Labem,2,
676,Litomerice,Litoměřice,2,
677,Kromeriz,Kroměříž,2,
678,Holesov,Holešov,2,
679,Uhersky_Brod,Uherský Brod,2,
680,Vsetin,Vsetín,2,
681,Valasske_Mezirici,Valašské Meziříčí,2,
682,Roznov_pod_Radhostem,Rožnov pod Radhoštěm,2,
683,Zlin,Zlín,2,
684,Marianske_Lazne,Mariánské Lázně,2,
685,Cheb,Cheb,2,
686,As,Aš,2,
687,Ostrov,Ostrov,2,
688,Karlovy_Vary,Karlovy Vary,2,
689,Sokolov,Sokolov,2,
690,Chodov,Chodov,2,
691,Ceske_Budejovice,České Budějovice,2,
692,Cesky_Krumlov,Český Krumlov,2,
693,Jindrichuv_Hradec,Jindřichův Hradec,2,
694,Pisek,Písek,2,
695,Prachatice,Prachatice,2,
696,Strakonice,Strakonice,2,
697,Tabor,Tábor,2,
698,Jesenik,Jeseník,2,
699,Sternberk,Šternberk,2,
700,Unicov,Uničov,2,
701,Olomouc,Olomouc,2,
702,Prostejov,Prostějov,2,
703,Prerov,Přerov,2,
704,Hranice,Hranice,2,
705,Sumperk,Šumperk,2,
706,Zabreh,Zábřeh,2,
707,Domazlice,Domažlice,2,
708,Susice,Sušice,2,
709,Klatovy,Klatovy,2,
710,Rokycany,Rokycany,2,
711,Tachov,Tachov,2,
712,Vlasim,Vlašim,2,
713,Benesov,Benešov,2,
714,Beroun,Beroun,2,
715,Slany,Slaný,2,
716,Kladno,Kladno,2,
717,Kolin,Kolín,2,
718,Kutna_Hora,Kutná Hora,2,
719,Neratovice,Neratovice,2,
720,Melnik,Mělník,2,
721,Kralupy_nad_Vltavou,Kralupy nad Vltavou,2,
722,Mlada_Boleslav,Mladá Boleslav,2,
723,Podebrady,Poděbrady,2,
724,Nymburk,Nymburk,2,
725,Brandys_nad_Labem-Stara_Boleslav,Brandýs nad Labem-Stará Boleslav,2,
726,Pribram,Příbram,2,
727,Rakovnik,Rakovník,2,
728,Krnov,Krnov,2,
729,Bruntal,Bruntál,2,
730,Frydek-Mistek,Frýdek-Místek,2,
731,Cesky_Tesin,Český Těšín,2,
732,Orlova,Orlová,2,
733,Karvina,Karviná,2,
734,Havirov,Havířov,2,
735,Bohumin,Bohumín,2,
736,Novy_Jicin,Nový Jičín,2,
737,Koprivnice,Kopřivnice,2,
738,Frenstat_pod_Radhostem,Frenštát pod Radhoštěm,2,
739,Opava,Opava,2,
740,Hlucin,Hlučín,2,
741,Ostrava,Ostrava,2,
742,Boskovice,Boskovice,2,
743,Blansko,Blansko,2,
744,Brno,Brno,2,
745,Breclav,Břeclav,2,
746,Veseli_nad_Moravou,Veselí nad Moravou,2,
747,Hodonin,Hodonín,2,
748,Kyjov,Kyjov,2,
749,Vyskov,Vyškov,2,
750,Znojmo,Znojmo,2,
751,Praha,Praha,2,
752,Rejdice,Rejdice,2,
753,Uherske_Hradiste,Uherské Hradiště,2,
754,Hejnice,Hejnice,2,
755,Angers,Angers,2,
756,Clermont-Ferrand,Clermont-Ferrand,2,
757,Melun,Melun,2,
758,Saint-Etienne,Saint-Etienne,2,
759,Grenoble,Grenoble,2,
760,Caen,Caen,2,
761,Nantes,Nantes,2,
762,Toulon,Toulon,2,
763,Montpellier,Montpellier,2,
764,Nimes,Nimes,2,
765,Dijon,Dijon,2,
766,Tours,Tours,2,
767,Orleans,Orleans,2,
768,Rouen,Rouen,2,
769,Reims,Reims,2,
770,Mulhouse,Mulhouse,2,
771,Nancy,Nancy,2,
772,Metz,Metz,2,
773,Rennes,Rennes,2,
774,Nice,Nice,2,
775,Toulouse,Toulouse,2,
776,Limoges,Limoges,2,
777,Lille,Lille,2,
778,Strasbourg,Strasbourg,2,
779,Bordeaux,Bordeaux,2,
780,Marseille,Marseille,2,
781,Le_Havre,Le Havre,2,
782,Lyon,Lyon,2,
783,Modena,Modena,2,
784,Reggio_di_Calabria,Reggio di Calabria,2,
785,Caserta,Caserta,2,
786,Como,Como,2,
787,Treviso,Treviso,2,
788,Parma,Parma,2,
789,Bologna,Bologna,2,
790,Cagliari,Cagliari,2,
791,Pisa,Pisa,2,
792,Livorno,Livorno,2,
793,Salerno,Salerno,2,
794,Bari,Bari,2,
795,Foggia,Foggia,2,
796,Lecce,Lecce,2,
797,Taranto,Taranto,2,
798,Messina,Messina,2,
799,Pescara,Pescara,2,
800,Bergamo,Bergamo,2,
801,Trieste,Trieste,2,
802,Verona,Verona,2,
803,Turin,Turin,2,
804,Genoa,Genoa,2,
805,Florence,Florence,2,
806,Catania,Catania,2,
807,Venice,Venice,2,
808,Palermo,Palermo,2,
809,Naples,Naples,2,
810,Milan,Milan,2,
811,Marbella,Marbella,2,
812,Mataro,Mataro,2,
813,Gijon,Gijon,2,
814,Vitoria,Vitoria,2,
815,Almeria,Almeria,2,
816,Malaga,Malaga,2,
817,Albacete,Albacete,2,
818,Santander,Santander,2,
819,Salamanca,Salamanca,2,
820,Burgos,Burgos,2,
821,Cartagena,Cartagena,2,
822,Oviedo,Oviedo,2,
823,San_Sebastian,San Sebastiln,2,
824,Alicante,Alicante,2,
825,Castello,Castello,2,
826,Cadiz,Cadiz,2,
827,Granada,Granada,2,
828,Murcia,Murcia,2,
829,La_Coruna,La Coruea,2,
830,Pamplona,Pamplona,2,
831,Valladolid,Valladolid,2,
832,Palma,Palma,2,
833,Zaragoza,Zaragoza,2,
834,Cordoba,Cordoba,2,
835,Vigo,Vigo,2,
836,Bilbao,Bilbao,2,
837,Seville,Seville,2,
838,Valencia,Valencia,2,
839,Barcelona,Barcelona,2,
840,-99,N. Cyprus,1,
841,tt,Trinidad and Tobago,1,
842,vu,Vanuatu,1,
843,Saaremaa,Saaremaa,9,
844,Aland,Åland,9,
845,Gotland,Gotland,9,
846,Zealand,Zealand,9,
847,Lofoten,Lofoten,9,
848,Vesteralen,Vesterålen,9,
849,Rhodes,Rhodes,9,
850,Crete,Crete,9,
851,Malta,Malta,9,
852,Menorca,Menorca,9,
853,Mallorca,Mallorca,9,
854,Ibiza,Ibiza,9,
855,Lesbos,Lesbos,9,
856,Kolguyev_I.,Kolguyev I.,9,
857,Sardegna,Sardegna,9,
858,Corse,Corse,9,
859,Sicilia,Sicilia,9,
860,IRELAND,IRELAND,9,
861,GREAT_BRITAIN,GREAT BRITAIN,9,
862,ICELAND,ICELAND,9,
863,Valletta,Valletta,2,
864,Sunderland,Sunderland,2,
865,Southampton,Southampton,2,
866,Bristol,Bristol,2,
867,Bournemouth,Bournemouth,2,
868,Southend,Southend-on-Sea,2,
869,Reading,Reading,2,
870,Leicester,Leicester,2,
871,Bradford,Bradford,2,
872,Sheffield,Sheffield,2,
873,Middlesbrough,Middlesbrough,2,
874,Coventry,Coventry,2,
875,Kingston_upon_Hull,Kingston upon Hull,2,
876,Brighton,Brighton,2,
877,Portsmouth,Portsmouth,2,
878,Nottingham,Nottingham,2,
879,Stoke,Stoke,2,
880,Edinburgh,Edinburgh,2,
881,Liverpool,Liverpool,2,
882,Cardiff,Cardiff,2,
883,Leeds,Leeds,2,
884,Manchester,Manchester,2,
885,Belfast,Belfast,2,
886,Glasgow,Glasgow,2,
887,sk-bl,Bratislavský,7,
888,sk-bc,Banskobystrický,7,
889,sk-zi,Žilinský,7,
890,sk-ni,Nitriansky,7,
891,sk-tc,Trenciansky,7,
892,sk-ta,Trnavský,7,
893,sk-ki,Košický,7,
894,sk-pv,Prešov,7,
895,Zvolen,Zvolen,2,
896,Handlova,Handlová,2,
897,Puchov,Púchov,2,
898,Surany,Šurany,2,
899,Galanta,Galanta,2,
900,Povazska_Bystrica,Považská Bystrica,2,
901,Martin,Martin,2,
902,Kezmarok,Kežmarok,2,
903,Topolcany,Topoľčany,2,
904,Banska_Stiavnica,Banská Štiavnica,2,
905,Partizanske,Partizánske,2,
906,Hlohovec,Hlohovec,2,
907,Levoca,Levoča,2,
908,Myjava,Myjava,2,
909,Michalovce,Michalovce,2,
910,Samorin,Šamorín,2,
911,Humenne,Humenné,2,
912,Sabinov,Sabinov,2,
913,Dubnica_nad_Vahom,Dubnica nad Váhom,2,
914,Snina,Snina,2,
915,Rimavska_Sobota,Rimavská Sobota,2,
916,Malacky,Malacky,2,
917,Dolny_Kubin,Dolný Kubín,2,
918,Roznava,Rožňava,2,
919,Kolarovo,Kolárovo,2,
920,Zilina,Žilina,2,
921,Kysucke_Nove_Mesto,Kysucké Nové Mesto,2,
922,Holic,Holíč,2,
923,Trencin,Trenčín,2,
924,Spisska_Nova_Ves,Spišská Nová Ves,2,
925,Trebisov,Trebišov,2,
926,Revuca,Revúca,2,
927,Banovce_nad_Bebravou,Bánovce nad Bebravou,2,
928,Stara_Lubovna,Stará Ľubovňa,2,
929,Zlate_Moravce,Zlaté Moravce,2,
930,Komarno,Komárno,2,
931,Lucenec,Lučenec,2,
932,Bardejov,Bardejov,2,
933,Skalica,Skalica,2,
934,Velky_Krtis,Veľký Krtíš,2,
935,Piestany,Piešťany,2,
936,Sturovo,Štúrovo,2,
937,Brezno,Brezno,2,
938,Presov,Prešov,2,
939,Filakovo,Fiľakovo,2,
940,Stropkov,Stropkov,2,
941,Dunajska_Streda,Dunajská Streda,2,
942,Nove_Mesto_nad_Vahom,Nové Mesto nad Váhom,2,
943,Cadca,Čadca,2,
944,Pezinok,Pezinok,2,
945,Trnava,Trnava,2,
946,Ruzomberok,Ružomberok,2,
947,Liptovsky_Mikulas,Liptovský Mikuláš,2,
948,Banska_Bystrica,Banská Bystrica,2,
949,Nova_Dubnica,Nová Dubnica,2,
950,Senec,Senec,2,
951,Detva,Detva,2,
952,Prievidza,Prievidza,2,
953,Nove_Zamky,Nové Zámky,2,
954,Svidnik,Svidník,2,
955,Sered,Sereď,2,
956,Vranov_nad_Toplou,Vranov nad Topľou,2,
957,Ziar_nad_Hronom,Žiar nad Hronom,2,
958,Poprad,Poprad,2,
959,Nitra,Nitra,2,
960,Levice,Levice,2,
961,Bytca,Bytča,2,
962,Moldava_nad_Bodvou,Moldava nad Bodvou,2,
963,Kosice,Košice,2,
964,Sala,Šaľa,2,
965,Senica,Senica,2,
966,TIERRA_DEL_FUEGO,TIERRA DEL FUEGO,9,
967,Nova_Scotia,Nova Scotia,9,
968,Vancouver_Island,Vancouver Island,9,
969,VICTORIA_ISLAND,VICTORIA ISLAND,9,
970,LABRADOR,LABRADOR,9,
971,ELLESMERE_ISLAND,ELLESMERE  ISLAND,9,
972,BAFFIN_ISLAND,BAFFIN ISLAND,9,
973,ISLAND_OF_NEWFOUNDLAND,ISLAND OF NEWFOUNDLAND,9,
974,SULAWESI,SULAWESI,9,
975,JAVA,JAVA,9,
976,MINDANAO,MINDANAO,9,
977,LUZON,LUZON,9,
978,TAIWAN,TAIWAN,9,
979,KYUSHU,KYÜSHÜ,9,
980,SHIKOKU,SHIKOKU,9,
981,HOKKAIDO,HOKKAIDÖ,9,
982,SAKHALIN,SAKHALIN,9,
983,SRI_LANKA,SRI LANKA,9,
984,TASMANIA,TASMANIA,9,
985,NEW_GUINEA,NEW GUINEA,9,
986,BORNEO,BORNEO,9,
987,SUMATRA,SUMATRA,9,
988,HONSHU,HONSHÜ,9,
989,GREENLAND,GREENLAND,9,
990,MADAGASCAR,MADAGASCAR,9,
991,SOUTH_ISLAND,SOUTH ISLAND,9,
992,NORTH_ISLAND,NORTH ISLAND,9,
993,ETHIOPIAN_HIGHLANDS,ETHIOPIAN HIGHLANDS,8,
994,ZAGROS_MOUNTAINS,ZAGROS MOUNTAINS,8,
995,ALTAY_MOUNTAINS,ALTAY MOUNTAINS,8,
996,GREATER_KHINGAN_RANGE,GREATER KHINGAN RANGE,8,
997,STANOVOY_RANGE,STANOVOY RANGE,8,
998,CHAINE_ANNAMITIQUE,CHAÎNE ANNAMITIQUE,8,
999,Siwalik_Hills,Siwalik Hills,8,
1000,PAMIRS,PAMIRS,8,
1001,HINDU_KUSH,HINDU KUSH,8,
1002,KARAKORAM_RA.,KARAKORAM RA.,8,
1003,KUNLUN_MOUNTAINS,KUNLUN MOUNTAINS,8,
1004,ATLAS_MOUNTAINS,ATLAS MOUNTAINS,8,
1005,APPALACHIAN_MTS.,APPALACHIAN MTS.,8,
1006,BROOKS_RANGE,BROOKS RANGE,8,
1007,COAST_MOUNTAINS,COAST MOUNTAINS,8,
1008,CASCADE_RANGE,CASCADE RANGE,8,
1009,ALASKA_RANGE,ALASKA RANGE,8,
1010,GREAT_DIVIDING_RANGE,GREAT DIVIDING RANGE,8,
1011,TIAN_SHAN,TIAN SHAN,8,
1012,URAL_MOUNTAINS,URAL MOUNTAINS,8,
1013,HIMALAYAS,HIMALAYAS,8,
1014,ANDES,ANDES,8,
1015,ROCKY_MOUNTAINS,ROCKY MOUNTAINS,8,
1016,Brahmaputra,Brahmaputra,5,
1017,Mekong,Mekong,5,
1018,Ob,Ob,5,
1019,Danube,Danube,5,
1020,Parana,Paraná,5,
1021,Congo,Congo,5,
1022,Lena,Lena,5,
1023,Chang_(Yangtze),Chang (Yangtze),5,
1024,Nile,Nile,5,
1025,Amazon,Amazon,5,
1026,Mississippi,Mississippi,5,
1027,Lake_Baikal,Lake Baikal,6,
1028,Lake_Winnipeg,Lake Winnipeg,6,
1029,Great_Slave_Lake,Great Slave Lake,6,
1030,L._Ontario,L. Ontario,6,
1031,L._Erie,L. Erie,6,
1032,Lake_Superior,Lake Superior,6,
1033,Lake_Victoria,Lake Victoria,6,
1034,Lake_Ladoga,Lake Ladoga,6,
1035,Balqash_Koli,Balqash Köli,6,
1036,Lake_Tanganyika,Lake Tanganyika,6,
1037,Lake_Malawi,Lake Malawi,6,
1038,Aral_Sea,Aral Sea,6,
1039,Vanern,Vänern,6,
1040,Lago_de_Nicaragua,Lago de Nicaragua,6,
1041,Lago_Titicaca,Lago Titicaca,6,
1042,Lake_Winnipegosis,Lake Winnipegosis,6,
1043,Lake_Onega,Lake Onega,6,
1044,Great_Bear_Lake,Great Bear Lake,6,
1045,Reindeer_Lake,Reindeer Lake,6,
1046,Lake_Huron,Lake Huron,6,
1047,Lake_Michigan,Lake Michigan,6,
1048,Tunis,Tunis,2,
1049,Baku,Baku,2,
1050,Hanoi,Hanoi,2,
1051,Ankara,Ankara,2,
1052,Sanaa,Sanaa,2,
1053,Damascus,Damascus,2,
1054,Khartoum,Khartoum,2,
1055,Pyongyang,Pyongyang,2,
1056,Dar_es_Salaam,Dar es Salaam,2,
1057,Havana,Havana,2,
1058,Kuwait,Kuwait,2,
1059,Santo_Domingo,Santo Domingo,2,
1060,Accra,Accra,2,
1061,Tripoli,Tripoli,2,
1062,Tel_Aviv-Yafo,Tel Aviv-Yafo,2,
1063,Abidjan,Abidjan,2,
1064,Brasilia,Brasilia,2,
1065,Dhaka,Dhaka,2,
1066,Luanda,Luanda,2,
1067,Algiers,Algiers,2,
1068,Rangoon,Rangoon,2,
1069,Caracas,Caracas,2,
1070,Tashkent,Tashkent,2,
1071,Bangkok,Bangkok,2,
1072,Lima,Lima,2,
1073,Dakar,Dakar,2,
1074,Johannesburg,Johannesburg,2,
1075,Casablanca,Casablanca,2,
1076,Seoul,Seoul,2,
1077,Manila,Manila,2,
1078,Monterrey,Monterrey,2,
1079,Urumqi,Urumqi,2,
1080,Chengdu,Chengdu,2,
1081,Osaka,Osaka,2,
1082,Kinshasa,Kinshasa,2,
1083,Bangalore,Bangalore,2,
1084,Baghdad,Baghdad,2,
1085,Addis_Ababa,Addis Ababa,2,
1086,Tehran,Tehran,2,
1087,Buenos_Aires,Buenos Aires,2,
1088,Kabul,Kabul,2,
1089,Taipei,Taipei,2,
1090,Istanbul,Istanbul,2,
1091,Riyadh,Riyadh,2,
1092,Cape_Town,Cape Town,2,
1093,Mexico_City,Mexico City,2,
1094,Lagos,Lagos,2,
1095,Beijing,Beijing,2,
1096,Nairobi,Nairobi,2,
1097,Jakarta,Jakarta,2,
1098,Bogota,Bogota,2,
1099,Cairo,Cairo,2,
1100,Shanghai,Shanghai,2,
1101,Tokyo,Tokyo,2,
1102,Mumbai,Mumbai,2,
1103,Santiago,Santiago,2,
1104,Kolkata,Kolkata,2,
1105,Rio_de_Janeiro,Rio de Janeiro,2,
1106,Sao_Paulo,Sao Paulo,2,
1107,Singapore,Singapore,2,
1108,Hong_Kong,Hong Kong,2,
1109,Bir_Lehlou,Bir Lehlou,2,
1110,Moroni,Moroni,2,
1111,Kigali,Kigali,2,
1112,Mbabane,Mbabane,2,
1113,Juba,Juba,2,
1114,Dodoma,Dodoma,2,
1115,Laayoune,Laayoune,2,
1116,Djibouti,Djibouti,2,
1117,Banjul,Banjul,2,
1118,Porto-Novo,Porto-Novo,2,
1119,Bujumbura,Bujumbura,2,
1120,Lome,Lome,2,
1121,Lusaka,Lusaka,2,
1122,Harare,Harare,2,
1123,Kampala,Kampala,2,
1124,Niamey,Niamey,2,
1125,Freetown,Freetown,2,
1126,Bloemfontein,Bloemfontein,2,
1127,Pretoria,Pretoria,2,
1128,Rabat,Rabat,2,
1129,Maputo,Maputo,2,
1130,Mogadishu,Mogadishu,2,
1131,Windhoek,Windhoek,2,
1132,Abuja,Abuja,2,
1133,Maseru,Maseru,2,
1134,Antananarivo,Antananarivo,2,
1135,Ndjamena,Ndjamena,2,
1136,Malabo,Malabo,2,
1137,Asmara,Asmara,2,
1138,Lilongwe,Lilongwe,2,
1139,Libreville,Libreville,2,
1140,Nouakchott,Nouakchott,2,
1141,Bamako,Bamako,2,
1142,Conakry,Conakry,2,
1143,Yamoussoukro,Yamoussoukro,2,
1144,Bangui,Bangui,2,
1145,Yaounde,Yaounde,2,
1146,Gaborone,Gaborone,2,
1147,Ouagadougou,Ouagadougou,2,
1148,Hargeysa,Hargeysa,2,
1149,Sao_Tome,Sao Tome,2,
1150,Monrovia,Monrovia,2,
1151,HAINAN,HAINAN,9,
1152,TIMOR,TIMOR,9,
1153,Palawan,Palawan,9,
1154,Bohol,Bohol,9,
1155,Negros,Negros,9,
1156,Leyte,Leyte,9,
1157,Samar,Samar,9,
1158,Panay,Panay,9,
1159,Mindoro,Mindoro,9,
1160,Melekeok,Melekeok,2,
1161,Doha,Doha,2,
1162,Baguio_City,Baguio City,2,
1163,Putrajaya,Putrajaya,2,
1164,Manama,Manama,2,
1165,Abu_Dhabi,Abu Dhabi,2,
1166,Ashgabat,Ashgabat,2,
1167,Dili,Dili,2,
1168,Dushanbe,Dushanbe,2,
1169,Islamabad,Islamabad,2,
1170,Kathmandu,Kathmandu,2,
1171,Muscat,Muscat,2,
1172,Colombo,Colombo,2,
1173,Ulaanbaatar,Ulaanbaatar,2,
1174,Amman,Amman,2,
1175,Bishkek,Bishkek,2,
1176,Beirut,Beirut,2,
1177,Tbilisi,Tbilisi,2,
1178,Astana,Astana,2,
1179,Vientiane,Vientiane,2,
1180,Bandar_Seri_Begawan,Bandar Seri Begawan,2,
1181,Yerevan,Yerevan,2,
1182,Phnom_Penh,Phnom Penh,2,
1183,Thimphu,Thimphu,2,
1184,Naypyidaw,Naypyidaw,2,
1185,Male,Male,2,
1186,Jerusalem,Jerusalem,2,
1187,Nicosia,Nicosia,2,
1188,Kuala_Lumpur,Kuala Lumpur,2,
1189,Dubai,Dubai,2,
1190,New_Delhi,New Delhi,2,
1191,Port-of-Spain,Port-of-Spain,2,
1192,Roseau,Roseau,2,
1193,Bridgetown,Bridgetown,2,
1194,Kingstown,Kingstown,2,
1195,Castries,Castries,2,
1196,Basseterre,Basseterre,2,
1197,Saint_George's,Saint George's,2,
1198,Saint_John's,Saint John's,2,
1199,Tegucigalpa,Tegucigalpa,2,
1200,Port-au-Prince,Port-au-Prince,2,
1201,Managua,Managua,2,
1202,Panama_City,Panama City,2,
1203,San_Salvador,San Salvador,2,
1204,Kingston,Kingston,2,
1205,Guatemala,Guatemala,2,
1206,Belmopan,Belmopan,2,
1207,Nassau,Nassau,2,
1208,Funafuti,Funafuti,2,
1209,Tarawa,Tarawa,2,
1210,Port-Vila,Port Vila,2,
1211,Port_Moresby,Port Moresby,2,
1212,Honiara,Honiara,2,
1213,Wellington,Wellington,2,
1214,Suva,Suva,2,
1215,Auckland,Auckland,2,
1216,Montevideo,Montevideo,2,
1217,Georgetown,Georgetown,2,
1218,Paramaribo,Paramaribo,2,
1219,Asuncion,Asuncion,2,
1220,Quito,Quito,2,
1221,Sucre,Sucre,2,
1222,La_Paz,La Paz,2,
1223,Sumava,Sumava,8,
1224,Krusne_hory,Krusné hory,8,
1225,Ceske_Stredohori,Ceské Stredohorí,8,
1226,Krkonose,Krkonose,8,
1227,Jizerske_hory,Jizerské hory,8,
1228,Orlicke_hory,Orlické hory,8,
1229,Hruby_Jesenik,Hrubý Jeseník,8,
1230,Beskydy,Beskydy,8,
1231,Ceskomoravska_vrchovina,Ceskomoravská vrchovina,8,
1232,Bile_Karpaty,Bílé Karpaty,8,
1233,Cesky_les,Ceský les,8,
1234,Drahanska_vrchovina,Drahanská vrchovina,8,
1235,Rychlebske_hory,Rychlebské hory,8,
1236,Nizky_Jesenik,Nízký Jeseník,8,
1237,Plzenska_pahorkatina,Plzenská pahorkatina,8,
1238,Novohradske_hory,Novohradské hory,8,
1239,Chriby,Chriby,8,
1240,Doupovske_hory,Doupovské hory,8,
1241,Brdy,Brdy,8,
1242,Jestedsko-kozakovsky_hrbet,Jestedsko-kozákovský hrbet,8,
1243,Luzicke_hory,Luzické hory,8,
1244,Javorniky,Javorníky,8,
1245,Stredoceska_pahorkatina,Stredoceská pahorkatina,8,
1246,Labe,Labe,5,
1247,Vltava,Vltava,5,
1248,Ohre,Ohre,5,
1249,Berounka,Berounka,5,
1250,Sazava,Sázava,5,
1251,Otava,Otava,5,
1252,Morava,Morava,5,
1253,Orlice,Orlice,5,
1254,Odra,Odra,5,
1255,Ostravice,Ostravice,5,
1256,Dyje,Dyje,5,
1257,Svratka,Svratka,5,
1258,Svitava,Svitava,5,
1259,Jizera,Jizera,5,
1260,Uslava,Úslava,5,
1261,Uhlava,Úhlava,5,
1262,Radbuza,Radbuza,5,
1263,Mze,Mze,5,
1264,Becva,Becva,5,
1265,Daugava_(Zapadnaya_Dvina),Daugava (Zapadnaya Dvina),5,
1266,Dniester,Dniester,5,
1267,Drava,Drava,5,
1268,Duero,Duero,5,
1269,Ebro,Ebro,5,
1270,Elbe,Elbe,5,
1271,Garonne,Garonne,5,
1272,Loire,Loire,5,
1273,Oder,Oder,5,
1274,Po,Po,5,
1275,Seine,Seine,5,
1276,Svernaya_Dvina,Svernaya Dvina,5,
1277,Thames,Thames,5,
1278,Vistula,Vistula,5,
1279,Vychegda,Vychegda,5,
1280,Rhine,Rhine,5,
1281,Volga,Volga,5,
1282,Don,Don,5,
1283,Dalalven,Dalälven,5,
1284,Kama,Kama,5,
1285,Tajo,Tajo,5,
1286,Tisa,Tisa,5,
1287,Dnepre,Dnepre,5,
1288,Rhone,Rhône,5,
1289,Glomma,Glomma,5,
1290,Kemijoki,Kemijoki,5,
1291,Sukhona,Sukhona,5,
1292,Luznice,Luznice,5,
1293,Ganges,Ganges,5,
1294,Yenisey,Yenisey,5,
1295,Missouri,Missouri,5,
1296,Yukon,Yukon,5,
1297,Orinoco,Orinoco,5,
1298,Niger,Niger,5,
1299,Zambezi,Zambezi,5,
1300,Rio_Grande,Rio Grande,5,
1301,Mackenzie,Mackenzie,5,
1302,Huang,Yellow River,5,
1303,Darling,Darling,5,
1304,Orange,Orange,5,
1305,Tigris,Tigris,5,
1306,Amu_Darya,Amu  Darya,5,
1307,Euphrates,Euphrates,5,
1308,Indus,Indus,5,
1309,Amur,Amur,5,
1310,Murray,Murray,5,
1311,St._Lawrence,St. Lawrence,5,
1312,Syr_Darya,Syr  Darya,5,
1313,Yangtze,Yangtze,5,
1314,Senegal,Sénégal,5,
1315,Limpopo,Limpopo,5,
1316,Okawango,Okawango,5,
1317,Ubangi,Ubangi,5,
1318,Chari,Chari,5,
1319,Baja_California,Baja California,1,
1320,Baja_California_Sur,Baja California Sur,1,
1321,Coahuila,Coahuila,1,
1322,Chihuahua,Chihuahua,1,
1323,Durango,Durango,1,
1324,Sinaloa,Sinaloa,1,
1325,Sonora,Sonora,1,
1326,Zacatecas,Zacatecas,1,
1327,Nuevo_Leon,Nuevo León,1,
1328,San_Luis_Potosi,San Luis Potosí,1,
1329,Tamaulipas,Tamaulipas,1,
1330,Aguascalientes,Aguascalientes,1,
1331,Colima,Colima,1,
1332,Jalisco,Jalisco,1,
1333,Michoacan,Michoacán,1,
1334,Nayarit,Nayarit,1,
1335,Campeche,Campeche,1,
1336,Oaxaca,Oaxaca,1,
1337,Puebla,Puebla,1,
1338,Tabasco,Tabasco,1,
1339,Tlaxcala,Tlaxcala,1,
1340,Distrito_Federal,Distrito Federal,1,
1341,Guanajuato,Guanajuato,1,
1342,Guerrero,Guerrero,1,
1343,Hidalgo,Hidalgo,1,
1344,Mexico,México,1,
1345,Morelos,Morelos,1,
1346,Queretaro,Querétaro,1,
1347,Veracruz,Veracruz,1,
1348,Chiapas,Chiapas,1,
1349,Quintana_Roo,Quintana Roo,1,
1350,Yucatan,Yucatán,1,
1351,city-Gomez_Palacio,Gomez Palacio,2,
1352,city-Reynosa,Reynosa,2,
1353,city-Tlaxcala,Tlaxcala,2,
1354,city-Irapuato,Irapuato,2,
1355,city-Celaya,Celaya,2,
1356,city-Nezahualcoyotl,Nezahualcoyotl,2,
1357,city-Orizaba,Orizaba,2,
1358,city-Xalapa,Xalapa,2,
1359,city-Mazatlan,Mazatltn,2,
1360,city-Morelia,Morelia,2,
1361,city-Tepic,Tepic,2,
1362,city-Pachuca,Pachuca,2,
1363,city-Toluca,Toluca,2,
1364,city-Saltillo,Saltillo,2,
1365,city-Ciudad_Juarez,Ciudad Ju rez,2,
1366,city-Durango,Durango,2,
1367,city-Aguascalientes,Aguascalientes,2,
1368,city-Villahermosa,Villahermosa,2,
1369,city-Cuernavaca,Cuernavaca,2,
1370,city-Queretaro,Queretaro,2,
1371,city-Mexicali,Mexicali,2,
1372,city-Torreon,Torreon,2,
1373,city-Culiacan,Culiacan,2,
1374,city-Hermosillo,Hermosillo,2,
1375,city-San_Luis_Potosi,San Luis Potosi,2,
1376,city-Matamoros,Matamoros,2,
1377,city-Nuevo_Laredo,Nuevo Laredo,2,
1378,city-Oaxaca,Oaxaca,2,
1379,city-Leon,Leon,2,
1380,city-Tijuana,Tijuana,2,
1381,city-Chihuahua,Chihuahua,2,
1382,city-Tampico,Tampico,2,
1383,city-Acapulco,Acapulco,2,
1384,city-Veracruz,Veracruz,2,
1385,city-Tuxtla_Gutierrez,Tuxtla Gutierrez,2,
1386,city-Cancun,Cancun,2,
1387,city-Merida,Merida,2,
1388,city-Guadalajara,Guadalajara,2,
1389,city-Puebla,Puebla,2,
1390,city-Monterrey,Monterrey,2,
1391,city-Mexico_City,Mexico City,2,
1392,Santa_Cruz,Santa Cruz,1,
1393,Tierra_del_Fuego-state,Tierra del Fuego,1,
1394,San_Juan,San Juan,1,
1395,Chubut,Chubut,1,
1396,Mendoza,Mendoza,1,
1397,Neuquen,Neuquén,1,
1398,La_Pampa,La Pampa,1,
1399,Rio_Negro,Río Negro,1,
1400,San_Luis,San Luis,1,
1401,Catamarca,Catamarca,1,
1402,Jujuy,Jujuy,1,
1403,La_Rioja,La Rioja,1,
1404,Salta,Salta,1,
1405,Santiago_del_Estero,Santiago del Estero,1,
1406,Tucuman,Tucumán,1,
1407,Chaco,Chaco,1,
1408,Formosa,Formosa,1,
1409,Corrientes,Corrientes,1,
1410,Entre_Rios,Entre Ríos,1,
1411,Santa_Fe,Santa Fe,1,
1412,Misiones,Misiones,1,
1413,Ciudad_de_Buenos_Aires,Ciudad de Buenos Aires,1,
1414,city-Corrientes,Corrientes,2,
1415,city-La_Plata,La Plata,2,
1416,city-San_Luis,San Luis,2,
1417,city-San_Salvador_de_Jujuy,San Salvador de Jujuy,2,
1418,city-Santiago_del_Estero,Santiago del Estero,2,
1419,city-Resistencia,Resistencia,2,
1420,city-San_Juan,San Juan,2,
1421,city-Salta,Salta,2,
1422,city-San_Miguel_de_Tucuman,Tucum-n,2,
1423,city-Santa_Fe,Santa Fe,2,
1424,city-Rosario,Rosario,2,
1425,city-Mendoza,Mendoza,2,
1426,city-Mar_del_Plata,Mar del Plata,2,
1427,city-Cordoba,Cordoba,2,
1428,city-Posadas,Posadas,2,
1429,city-Buenos_Aires,Buenos Aires,2,
1430,Goias,Goiás,1,
1431,Pernambuco,Pernambuco,1,
1432,Acre,Acre,1,
1433,Amazonas,Amazonas,1,
1434,Maranhao,Maranhão,1,
1435,Para,Pará,1,
1436,Rondonia,Rondônia,1,
1437,Tocantins,Tocantins,1,
1438,Mato_Grosso_do_Sul,Mato Grosso do Sul,1,
1439,Minas_Gerais,Minas Gerais,1,
1440,Mato_Grosso,Mato Grosso,1,
1441,Rio_Grande_do_Sul,Rio Grande do Sul,1,
1442,Parana-state,Paraná,1,
1443,Santa_Catarina,Santa Catarina,1,
1444,Ceara,Ceará,1,
1445,Piaui,Piauí,1,
1446,Alagoas,Alagoas,1,
1447,Bahia,Bahia,1,
1448,Espirito_Santo,Espírito Santo,1,
1449,Paraiba,Paraíba,1,
1450,Rio_de_Janeiro-state,Rio de Janeiro,1,
1451,Rio_Grande_do_Norte,Rio Grande do Norte,1,
1452,Sergipe,Sergipe,1,
1453,Roraima,Roraima,1,
1454,Amapa,Amapá,1,
1455,Niteroi,Niteroi,2,
1456,Vitoria-Brazil,Vitoria,2,
1457,Vila_Velha,Vila Velha,2,
1458,Santos,Santos,2,
1459,Sao_Luis,Sdo Lu1s,2,
1460,Belo_Horizonte,Belo Horizonte,2,
1461,Maceio,Maceio,2,
1462,Natal,Natal,2,
1463,Campinas,Campinas,2,
1464,Manaus,Manaus,2,
1465,Florianopolis,Florianopolis,2,
1466,Belem,Belem,2,
1467,Porto_Alegre,Porto Alegre,2,
1468,Curitiba,Curitiba,2,
1469,Fortaleza,Fortaleza,2,
1470,Salvador,Salvador,2,
1471,Goiania,Goiania,2,
1472,Recife,Recife,2,
1473,gf,French Guiana,1,
